Gene,Premalignant_Mean,Malignant_Mean,Log2FC,Pvalue
ALOX5AP,5.594104308390023,0.014074914869466515,-8.63453490854448,0.0
ALKBH7,0.9115646258503401,0.009534619750283769,-6.578876006011943,0.0
PDLIM1,0.11791383219954649,8.177071509648128,6.1157673257222,8.550551141385128e-257
HES6,0.17233560090702948,8.959591373439274,5.7001320574804435,3.016248710776961e-250
IGLL1,2.0113378684807257,20.503972758229285,3.3496754661896526,7.1783991681654175e-214
SIGLEC6,0.14285714285714285,1.0292849035187288,2.8489885968079096,2.3177805521418273e-86
